price,start_time,subtitle,title,tour_period
529000,출발 가능 기간 : 2020.06.19~2020.12.31,내가만드는 1일 자유+도쿄 호텔 2연박,[도쿄 3일]핫플레이스★1일자유+오오에도온천♨+컵라면 제작체험_티웨이항공,여행 기간 : 2박3일
659000,출발 가능 기간 : 2020.06.19~2020.07.23,***저렴한 가격으로 알찬 여행!***,[부산출발_동경/하코네3일] 동경만 하지말고 떠나!! 아시호수 유람선탑승+모리노유 온천,여행 기간 : 2박3일
599000,출발 가능 기간 : 2020.06.20~2020.10.04,아침출발 저녁도착/꽉찬 전일관광/가족여행 강력추천,[도쿄 3일]반짝반짝★요코하마+하코네 해적선+신주쿠 전망대_티웨이항공,여행 기간 : 2박3일
549000,출발 가능 기간 : 2020.06.19~2020.12.31,품격 아시아나+온천체험+아시호 유람선체험,[도쿄 3일]시크릿 특가+도쿄시내OR디즈니랜드_아시아나,여행 기간 : 2박3일
1099000,출발 가능 기간 : 2020.09.30~2020.10.02,가족이 함께하는 황금연휴,[도쿄 3일]도쿄 연휴상품 모음집,여행 기간 : 2박3일
599000,출발 가능 기간 : 2020.06.19~2020.12.31,온천+자연+시티투어+나이트뷰 핵심일정 모아모아,[도쿄 3일]하코네 삼나무길따라+요코하마 야경+오다이바 온천♨_이스타항공,여행 기간 : 2박3일
999000,출발 가능 기간 : 2020.06.19~2020.10.30,,■준특급호텔■[동경 자유4] 선샤인 시티 프린스 호텔/ 트윈C(시티플로어)/조식불포함,여행 기간 : 3박4일
349000,출발 가능 기간 : 2020.06.19~2020.06.30,,[동경자유3일◈][오다이바위치♬][도쿄 베이 아리아케 워싱턴 호텔 / 세미더블][디즈니 무료셔틀버스★],여행 기간 : 2박3일
379000,출발 가능 기간 : 2020.06.19~2020.06.30,,[동경에어텔★위치GOOD♪][빌라폰테뉴 우에노 오카치마치] 더블룸/조식포함,여행 기간 : 2박3일
1070000,출발 가능 기간 : 2020.06.19~2020.10.24,,[THE BEST 도쿄] 도쿄/요코하마 /하코네 온천 3일(전일관광/준특급/3대 특식),여행 기간 : 2박3일
